<?xml version="1.0" encoding="UTF-8"?>
<project-private xmlns="http://www.netbeans.org/ns/project-private/1">
    <editor-bookmarks xmlns="http://www.netbeans.org/ns/editor-bookmarks/2" lastBookmarkId="0"/>
    <open-files xmlns="http://www.netbeans.org/ns/projectui-open-files/2">
        <group>
            <file>file:/C:/Users/DeltaDivine/Documents/NetBeansProjects/UserWebClient/src/java/controller/LoginServlet.java</file>
            <file>file:/C:/Users/DeltaDivine/Documents/NetBeansProjects/UserWebClient/src/java/client/UserJerseyClient.java</file>
            <file>file:/C:/Users/DeltaDivine/Documents/NetBeansProjects/UserWebClient/web/usermanagement.jsp</file>
            <file>file:/C:/Users/DeltaDivine/Documents/NetBeansProjects/UserWebClient/web/login.jsp</file>
            <file>file:/C:/Users/DeltaDivine/Documents/NetBeansProjects/UserWebClient/src/java/controller/EditServlet.java</file>
            <file>file:/C:/Users/DeltaDivine/Documents/NetBeansProjects/UserWebClient/src/java/controller/CreateServlet.java</file>
            <file>file:/C:/Users/DeltaDivine/Documents/NetBeansProjects/UserWebClient/src/java/controller/DeleteServlet.java</file>
        </group>
    </open-files>
</project-private>
